DC_NOME;SG_ESTADO;CD_SITUACAO;VL_LATITUDE;VL_LONGITUDE;VL_ALTITUDE;DT_INICIO_OPERACAO;CD_ESTACAO
ABROLHOS;BA;Pane;-17,96305555;-38,70333333;20,93;20/07/2008;A422
ACARAU;CE;Operante;-3,1211111;-40,08722221;67,15;21/04/2009;A360
AFONSO CLAUDIO;ES;Operante;-20,10416666;-41,10694444;507,48;23/09/2011;A657
AGUA BOA;MT;Operante;-14,01638888;-52,21166666;440;15/12/2006;A908
AGUA CLARA;MS;Operante;-20,44444444;-52,87583332;323,63;13/08/2010;A756
AGUAS EMENDADAS;DF;Operante;-15,596491;-47,625801;1030,36;02/10/2008;A045
AGUAS VERMELHAS;MG;Operante;-15,75166666;-41,45777777;754,07;08/09/2007;A549
AIMORES;MG;Operante;-19,53277777;-41,09083333;301;04/08/2007;A534
ALEGRE;ES;Operante;-20,75055555;-41,48888888;138;24/10/2006;A617
ALEGRETE;RS;Operante;-29,70916666;-55,52555554;120,88;27/09/2006;A826
ALFREDO CHAVES;ES;Operante;-20,63638888;-40,74194444;14,19;02/11/2006;A615
ALMAS;TO;Operante;-11,28416666;-47,21222222;503;31/03/2016;A053
ALMENARA;MG;Operante;-16,16666666;-40,68777777;189,11;14/12/2002;A508
ALTA FLORESTA;MT;Operante;-10,07722221;-56,17916666;291,85;22/05/2007;A924
ALTAMIRA;PA;Operante;-3,26999999;-52,39472221;191;24/10/2018;A253
ALTO ARAGUAIA;MT;Operante;-17,33944444;-53,22444443;753,28;21/09/2011;A909
ALTO PARAISO DE GOIAS;GO;Operante;-14,13305554;-47,52333332;1264,7;03/06/2007;A024
ALTO PARNAIBA;MA;Operante;-9,10833333;-45,93194443;283,69;02/06/2008;A223
ALTO TAQUARI;MT;Operante;-17,8411111;-53,28944444;862,42;28/01/2008;A934
ALVORADA DO GURGUEIA;PI;Operante;-8,37638888;-43,85944444;225;16/11/2007;A336
AMAMBAI;MS;Operante;-23,0025;-55,32944443;433,59;10/06/2008;A750
AMARGOSA;BA;Operante;-13,00944444;-39,61694443;397,8;10/07/2008;A434
ANGICAL DO PIAUI;PI;Pane;-6,08944444;-42,72749999;183;13/11/2019;A377
ANGRA DOS REIS;RJ;Operante;-22,97555554;-44,30333333;6;24/08/2017;A628
APIACAS;MT;Pane;-9,56333333;-57,3936111;217,75;23/10/2006;A910
APODI;RN;Pane;-5,62666666;-37,815;131,41;13/11/2007;A340
APUI;AM;Pane;-7,20555555;-59,8886111;156,97;18/07/2008;A113
AQUIDAUANA;MS;Operante;-20,47555554;-55,78388888;151,35;31/10/2006;A719
ARACAJU;SE;Operante;-10,9525;-37,05444444;3,72;11/02/2003;A409
ARACUAI;MG;Operante;-16,84888888;-42,03527777;308;18/05/2017;A566
ARAGARCAS;GO;Operante;-15,90277777;-52,24527777;327,35;12/07/2007;A013
ARAGUACU;TO;Operante;-12,59222221;-49,5286111;231;18/08/2015;A054
ARAGUAINA;TO;Operante;-7,10388888;-48,20111111;230,76;25/01/2007;A021
ARAGUATINS;TO;Operante;-5,6436111;-48,11194444;130,71;11/03/2009;A044
ARAPIRACA;AL;Operante;-9,80444444;-36,61916666;236,84;26/04/2008;A353
ARARANGUA;SC;Operante;-28,931353;-49,49792;2;27/09/2008;A867
ARAXA;MG;Operante;-19,60583333;-46,94972221;1018,32;18/12/2002;A505
ARCO VERDE;PE;Operante;-8,4336111;-37,05555555;683,95;19/11/2004;A309
AREIA;PB;Operante;-6,975451;-35,718128;573,45;15/11/2004;A310
ARIQUEMES;RO;Pane;-9,94888888;-62,96194444;128,44;17/07/2008;A940
ARIRANHA;SP;Operante;-21,13305554;-48,84055555;525,44;12/11/2007;A736
ARRAIAL DO CABO;RJ;Operante;-22,97527777;-42,02138888;5;21/09/2006;A606
AUTAZES;AM;Pane;-3,58333333;-59,12944443;19,9;16/04/2008;A120
AVARE;SP;Operante;-23,10166666;-48,9411111;776,36;21/09/2006;A725
BACABAL;MA;Operante;-4,24305555;-44,79499999;22,33;08/07/2008;A220
BAGE;RS;Operante;-31,34777777;-54,01333333;226,19;03/01/2007;A827
BAIXA GRANDE DO RIBEIRO;PI;Operante;-8,333531;-45,094625;519;22/03/2018;A375
BALSAS;MA;Pane;-7,45555555;-46,02749999;271,03;25/10/2007;A204
BAMBUI;MG;Operante;-20,0311111;-46,00888888;697;22/11/2016;A565
BARBACENA;MG;Operante;-21,22833332;-43,76777777;1168,76;04/12/2002;A502
BARBALHA;CE;Pane;-7,30083333;-39,2711111;409,41;30/05/2007;A315
BARCELOS;AM;Operante;-0,98722221;-62,92416666;29,88;18/04/2008;A128
BARRA;BA;Operante;-11,08472221;-43,13888888;407,5;11/05/2008;A429
BARRA BONITA;SP;Operante;-22,4711111;-48,5575;533,68;23/04/2008;A741
BARRA DO CORDA;MA;Pane;-5,50666666;-45,23694444;154,19;05/03/2008;A221
BARRA DO TURVO;SP;Operante;-24,96277777;-48,41638888;659,89;02/07/2008;A746
BARREIRAS;BA;Operante;-12,12472221;-45,02694443;474,17;19/12/2001;A402
BARRETOS;SP;Operante;-20,55916666;-48,54499999;534,36;18/06/2010;A748
BARUERI;SP;Operante;-23,52388888;-46,86944443;776,5;28/03/2011;A755
BATAGUASSU;MS;Operante;-21,75;-52,47138888;392,13;20/03/2013;A759
BAURU;SP;Operante;-22,358052;-49,028877;636,17;29/08/2001;A705
BEBEDOURO;SP;Operante;-20,94805555;-48,47138888;542;26/10/2016;A764
BELEM;PA;Operante;-1,411228;-48,439512;21,17;19/01/2003;A201
BELMONTE;BA;Operante;-16,08805555;-39,21527777;89,67;01/07/2009;A447
BELO HORIZONTE (PAMPULHA);MG;Operante;-19,88388888;-43,96944443;854,02;09/10/2006;A521
BELO HORIZONTE - CERCADINHO;MG;Operante;-19,97999999;-43,95861111;1199,55;26/12/2013;F501
BENTO GONCALVES;RS;Operante;-29,164581;-51,534202;623,27;30/11/2006;A840
BERTIOGA;SP;Operante;-23,84472221;-46,14333333;5;31/01/2017;A765
BOA VISTA;RR;Pane;2,81694443;-60,69083333;82,35;25/08/2010;A135
BOCA DO ACRE;AM;Operante;-8,77666666;-67,33249999;111,98;14/07/2008;A110
BOM JARDIM DA SERRA - MORRO DA IGREJA;SC;Operante;-28,12694443;-49,47972221;1790,38;16/06/2007;A845
BOM JESUS DA LAPA;BA;Pane;-13,25111111;-43,40527777;447,75;17/05/2007;A418
BOM JESUS DO PIAUI;PI;Operante;-9,07999999;-44,32777777;288;16/07/2007;A326
BRAGANCA;PA;Operante;-1,05583333;-46,78277777;5,6;10/03/2008;A226
BRAGANCA PAULISTA;SP;Operante;-22,94916666;-46,5261111;891;19/12/2017;A744
BRASILIA;DF;Operante;-15,78944444;-47,92583332;1160,96;06/05/2000;A001
BRASNORTE (NOVO MUNDO);MT;Operante;-12,52194443;-58,23138888;426,2;28/02/2008;A927
BRAZLANDIA;DF;Operante;-15,59972221;-48,1311111;1143;18/07/2017;A042
BREJO GRANDE;SE;Operante;-10,47388888;-36,48194443;6,11;16/07/2008;A421
BREVES;PA;Pane;-1,68027777;-50,47805554;11;19/10/2017;A228
BRUMADO;BA;Operante;-14,18194443;-41,67222221;473,37;27/04/2008;A433
BURITICUPU;MA;Operante;-4,32055554;-46,44944444;174,91;10/09/2008;A238
BURITIRAMA;BA;Pane;-10,72305554;-43,65111111;506,06;14/05/2008;A432
BURITIS;MG;Operante;-15,52416666;-46,43555555;894;18/06/2007;A544
CABACEIRAS;PB;Operante;-7,48333333;-36,28638888;391,96;27/02/2008;A348
CABROBO;PE;Operante;-8,50388888;-39,31527777;342,74;03/09/2007;A329
CACADOR;SC;Operante;-26,819156;-50,98552;944,26;18/03/2008;A859
CACAPAVA DO SUL;RS;Operante;-30,54527777;-53,46694443;420,82;21/06/2006;A812
CACHOEIRA PAULISTA;SP;Operante;-22,68888888;-45,00555555;586;19/10/2017;A769
CACOAL;RO;Operante;-11,44583333;-61,43416666;183,53;19/07/2008;A939
CAIAPONIA;GO;Operante;-16,96694443;-51,81749999;740,1;20/05/2007;A023
CAICO;RN;Operante;-6,46749999;-37,08499999;171,26;06/01/2007;A316
CALCANHAR;RN;Pane;-5,16;-35,48749999;9,82;07/05/2008;A344
CALDAS;MG;Operante;-21,918066;-46,382996;1077,34;27/11/2006;A530
CAMAQUA;RS;Operante;-30,80805555;-51,83416666;92,3;11/12/2006;A838
CAMARATUBA;PB;Pane;-6,56194444;-35,13527777;135,51;03/05/2008;A352
CAMBARA DO SUL;RS;Operante;-29,04916666;-50,14972221;1017;23/11/2016;A897
CAMBUCI;RJ;Operante;-21,58749999;-41,95833333;46;19/11/2002;A604
CAMETA;PA;Pane;-2,23972221;-49,49972221;9,92;19/06/2008;A236
CAMPINA DA LAGOA;PR;Operante;-24,57083332;-52,80027777;598;03/08/2016;B803
CAMPINA GRANDE;PB;Operante;-7,22555554;-35,90472222;546,17;21/12/2006;A313
CAMPINA VERDE;MG;Operante;-19,53921;-49,518133;559,07;14/07/2006;A519
CAMPO BOM;RS;Operante;-29,674293;-51,064042;23,35;28/11/2013;A884
CAMPO GRANDE;MS;Operante;-20,447195;-54,722615;528,47;09/09/2001;A702
CAMPO MAIOR;PI;Operante;-4,86416666;-42,14555555;125;22/11/2018;A376
CAMPO NOVO DOS PARECIS;MT;Pane;-13,78583333;-57,8386111;525,41;12/12/2002;A905
CAMPO VERDE;MT;Operante;-15,55888888;-55,17944443;747;20/11/2006;A912
CAMPOS DO JORDAO;SP;Operante;-22,75027777;-45,60388888;1662,95;12/03/2002;A706
CAMPOS DOS GOYTACAZES;RJ;Operante;-21,71472222;-41,34388888;17;24/09/2006;A607
CAMPOS DOS GOYTACAZES - SAO TOME;RJ;Pane;-22,04166666;-41,05166666;7;12/06/2008;A620
CAMPOS LINDOS;TO;Pane;-8,15472222;-46,63944444;426,56;28/10/2012;A043
CAMPOS NOVOS;SC;Operante;-27,3886111;-51,21583333;963;14/02/2019;A898
CAMPOS SALES;CE;Pane;-7,07777777;-40,36277777;577,95;06/03/2008;A347
CANELA;RS;Operante;-29,36888888;-50,82722221;830,93;22/08/2008;A879
CANGUCU;RS;Operante;-31,40333333;-52,70083333;446,81;23/01/2007;A811
CANTO DO BURITI;PI;Operante;-8,11805554;-42,97583332;312,07;11/06/2010;A365
CAPAO DO LEAO (PELOTAS);RS;Operante;-31,8025;-52,40722222;13;17/07/2019;A887
CAPELINHA;MG;Operante;-17,70555555;-42,38916666;932,06;30/08/2007;A541
CAPITAO POCO;PA;Pane;-1,73472221;-47,0575;79,1;17/04/2011;A248
CARACOL;PI;Pane;-9,28583333;-43,32444443;515,3;09/11/2007;A337
CARATINGA;MG;Operante;-19,73583333;-42,13722221;609,25;23/05/2007;A554
CARAVELAS;BA;Operante;-17,73944444;-39,25861111;6,05;19/12/2002;A405
CARLINDA;MT;Operante;-9,97055554;-55,82749999;293,71;08/04/2008;A926
CARMO;RJ;Operante;-21,9386111;-42,60083333;293;10/10/2018;A629
CAROLINA;MA;Pane;-7,33722221;-47,45972222;182,88;03/12/2007;A205
CARUARU;PE;Operante;-8,36527777;-36,02833332;852;20/11/2007;A341
CASA BRANCA;SP;Operante;-21,78055554;-47,07527777;734,15;24/06/2007;A738
CASSILANDIA;MS;Operante;-19,12249999;-51,72083332;494,72;07/03/2008;A742
CASTANHAL;PA;Operante;-1,30083333;-47,94805555;47,13;23/01/2003;A202
CASTELO DO PIAUI;PI;Operante;-5,34916666;-41,51222222;268,75;19/04/2009;A361
CASTRO;PR;Operante;-24,77999999;-50,04638888;1016;08/07/2006;A819
CATALAO;GO;Operante;-18,154779;-47,927614;900,72;30/01/2008;A034
CAXIAS;MA;Operante;-4,82138888;-43,3436111;84,85;12/07/2008;A237
CHAPADA GAUCHA;MG;Operante;-15,30027777;-45,61749999;873,2;21/06/2007;A548
CHAPADAO DO SUL;MS;Operante;-18,80222222;-52,6025;820,82;19/12/2006;A730
CHAPADINHA;MA;Operante;-3,74277777;-43,35222222;104;16/09/2008;A206
CHAPECO;SC;Operante;-27,0853111;-52,6357111;679;18/02/2019;A895
CIDADE GAUCHA;PR;Pane;-23,35916666;-52,93194443;365,79;10/03/2008;A869
CLEVELANDIA;PR;Operante;-26,41722221;-52,3486111;966,06;14/05/2008;A876
COARI;AM;Operante;-4,09749999;-63,14527777;33,84;11/04/2008;A117
COLINAS;MA;Operante;-6,03305554;-44,23333333;175,37;02/06/2008;A222
COLINAS DO TOCANTINS;TO;Operante;-8,092708;-48,478605;200;10/11/2016;A049
COLOMBO;PR;Operante;-25,322464;-49,157733;950;31/05/2016;B806
COMODORO;MT;Operante;-13,70805555;-59,7625;576,87;27/11/2006;A913
CONCEICAO DAS ALAGOAS;MG;Operante;-19,98583333;-48,15166666;572,54;17/07/2006;A520
CONCEICAO DO ARAGUAIA;PA;Operante;-8,30361111;-49,28277777;175,74;03/09/2008;A241
CONDE;BA;Operante;-12,03583333;-37,68388888;31,9;06/04/2008;A431
CORONEL PACHECO;MG;Operante;-21,54666666;-43,26111111;411,14;16/10/2012;A557
CORRENTE;PI;Operante;-10,42916666;-45,17305554;452;27/03/2018;A374
CORRENTINA;BA;Operante;-13,33249999;-44,61749999;551,71;08/11/2007;A416
CORUMBA;MS;Operante;-18,99666666;-57,63749999;111,73;25/10/2006;A724
CORURIPE;AL;Operante;-10,1286111;-36,28638888;82,39;05/09/2008;A355
COSTA RICA;MS;Operante;-18,49277777;-53,17138888;727,34;03/12/2012;A760
COTRIGUACU;MT;Operante;-9,90638888;-58,57222221;265;27/05/2007;A919
COXIM;MS;Operante;-18,51222222;-54,7361111;251,48;05/11/2006;A720
CRATEUS;CE;Operante;-5,18666666;-40,67222221;298,19;10/12/2008;A342
CRISTALINA;GO;Operante;-16,78499999;-47,61305555;1211,08;13/12/2007;A036
CRISTALINA (FAZENDA SANTA MONICA);GO;Operante;-16,39944444;-47,62583332;932;24/01/2018;A056
CRUZ ALTA;RS;Operante;-28,60344;-53,673597;426,69;30/05/2007;A853
CRUZ DAS ALMAS;BA;Operante;-12,67555554;-39,08944444;219,76;18/01/2003;A406
CRUZEIRO DO SUL;AC;Pane;-7,61055555;-72,6811111;220;13/05/2015;A108
CUIABA;MT;Operante;-15,60694444;-56,06083333;184;07/12/2002;A901
CURACA;BA;Pane;-9,00138888;-39,9125;370;19/08/2015;A448
CURITIBA;PR;Operante;-25,4486111;-49,23055554;922,91;27/01/2003;A807
CURITIBANOS;SC;Operante;-27,2886111;-50,60416666;978,1;27/02/2008;A860
CURVELO;MG;Pane;-18,74777777;-44,45388888;669,48;17/12/2006;A538
DELFINO;BA;Operante;-10,455;-41,20694444;646,24;14/07/2008;A443
DIAMANTE DO NORTE;PR;Pane;-22,63944444;-52,89027777;368,22;05/03/2008;A849
DIAMANTINA;MG;Operante;-18,231052;-43,648269;1359,25;04/06/2007;A537
DIANOPOLIS;TO;Operante;-11,59444444;-46,84722221;727,87;29/08/2008;A038
DIONISIO CERQUEIRA;SC;Operante;-26,286562;-53,633114;807,54;30/05/2008;A848
DIVINOPOLIS;MG;Operante;-20,17333332;-44,87499999;796;25/10/2017;A564
DOIS VIZINHOS;PR;Pane;-25,69916666;-53,09527777;545,95;28/03/2007;A843
DOM ELISEU;PA;Operante;-4,28055554;-47,56388888;251;07/03/2018;A252
DOM PEDRITO;RS;Operante;-31,0025;-54,61805554;150;22/04/2010;A881
DORES DO INDAIA;MG;Operante;-19,48194443;-45,59388888;721,09;31/05/2007;A536
DOURADOS;MS;Operante;-22,19388888;-54,91138888;463,3;17/10/2006;A721
DRACENA;SP;Pane;-21,45777777;-51,55222222;383;02/11/2016;A762
DUQUE DE CAXIAS - XEREM;RJ;Operante;-22,58972221;-43,28222221;22;20/10/2002;A603
ECOPORANGA;ES;Pane;-18,29138888;-40,73638888;224;16/03/2017;A631
EDEIA;GO;Operante;-17,33694444;-49,91472222;608;25/08/2017;A029
EIRUNEPE;AM;Pane;-6,65027777;-69,8686111;121,54;30/08/2012;A109
ENCRUZILHADA DO SUL;RS;Operante;-30,54305555;-52,52472221;427,75;14/03/2018;A893
EPITACIOLANDIA;AC;Operante;-11,02388888;-68,73527777;224,5;24/09/2009;A140
ERECHIM;RS;Operante;-27,65777777;-52,30583333;777,08;24/11/2006;A828
ESPINOSA;MG;Operante;-14,91222222;-42,80861111;565,36;13/11/2007;A543
ESTREITO;MA;Operante;-6,65333333;-47,41833332;182,96;26/02/2008;A224
EUCLIDES DA CUNHA;BA;Operante;-10,53722221;-38,99666666;431,96;30/03/2008;A442
FAROL de SANTANA;MA;Pane;-2,27083332;-43,62416666;9,87;27/11/2008;A217
FEIJO;AC;Operante;-8,14277777;-70,3436111;157,17;23/09/2009;A138
FEIRA DE SANTANA;BA;Operante;-12,1961111;-38,96749999;229,64;25/05/2007;A413
FLORESTA;PE;Operante;-8,59888888;-38,58416666;327,42;14/09/2008;A351
FLORESTAL;MG;Operante;-19,88527777;-44,41694443;753,5;26/06/2008;A535
FLORIANO;PI;Pane;-6,76138888;-43,00333333;126,39;17/11/2004;A311
FLORIANOPOLIS;SC;Operante;-27,6025;-48,61999999;4,87;21/01/2003;A806
FORMIGA;MG;Operante;-20,455;-45,45388888;878,14;16/08/2006;A524
FORMOSA DO RIO PRETO;BA;Pane;-11,05222222;-45,20083333;488;01/06/2016;A452
FORMOSO DO ARAGUAIA;TO;Operante;-11,88749999;-49,60833333;215,2;26/04/2008;A039
FORTALEZA;CE;Pane;-3,81583333;-38,53777777;29,55;17/02/2003;A305
FOZ DO IGUACU;PR;Operante;-25,60194444;-54,48305554;235,09;14/02/2008;A846
FRANCA;SP;Pane;-20,58444444;-47,38249999;1002,74;11/12/2002;A708
FREDERICO WESTPHALEN;RS;Operante;-27,39555555;-53,42944443;489,42;13/12/2007;A854
GAMA (PONTE ALTA);DF;Operante;-15,93527777;-48,13749999;990;30/09/2014;A046
GARANHUNS;PE;Operante;-8,91083333;-36,49333333;827,78;07/07/2007;A322
GAUCHA DO NORTE;MT;Pane;-13,18472221;-53,2575;375,87;03/06/2008;A930
GENERAL CARNEIRO;PR;Operante;-26,3986111;-51,35361111;1009,01;29/04/2008;A875
GILBUES;PI;Operante;-9,87527777;-45,34583333;425,1;15/05/2009;A364
GOIANESIA;GO;Operante;-15,22027777;-48,98999999;667,01;01/06/2007;A022
GOIANIA;GO;Operante;-16,64277777;-49,22027777;727,3;28/05/2001;A002
GOIAS;GO;Operante;-15,93972221;-50,14138888;512,86;17/07/2007;A014
GOIOERE;PR;Operante;-24,18388888;-53,04888888;481;18/10/2006;A825
GOVERNADOR VALADARES;MG;Operante;-18,830354;-41,977007;198,24;26/05/2007;A532
GRAJAU;MA;Operante;-5,81611111;-46,16222222;232,29;09/09/2008;A207
GUANAMBI;BA;Operante;-14,20805555;-42,74972221;552,23;23/04/2008;A426
GUANHAES;MG;Operante;-18,78694444;-42,94305555;852,68;01/06/2007;A533
GUARAMIRANGA;CE;Pane;-4,22916666;-38,95888888;865,53;25/05/2007;A314
GUARANTA DO NORTE;MT;Operante;-9,9525;-54,89777777;283,58;19/12/2002;A906
GUARDA-MOR;MG;Operante;-17,56138888;-47,19916666;997,01;10/07/2007;A546
GUIRATINGA;MT;Pane;-16,34166666;-53,76611111;525,43;23/01/2008;A932
GURUPI;TO;Operante;-11,74499999;-49,05166666;274;19/12/2006;A019
HUMAITA;AM;Operante;-7,5525;-63,07138888;53,56;24/04/2008;A112
IBIMIRIM;PE;Pane;-8,50944444;-37,71166666;434,23;13/10/2008;A349
IBIRITE (ROLA MOCA);MG;Operante;-20,03138888;-44,01111111;1198,82;05/06/2008;A555
IBIRUBA;RS;Operante;-28,65333333;-53,11194444;455,27;12/12/2012;A883
IBITINGA;SP;Pane;-21,85555555;-48,79972221;496,75;08/11/2007;A737
IBOTIRAMA;BA;Operante;-12,19305555;-43,21333333;425,12;27/04/2008;A439
ICARAIMA;PR;Pane;-23,39027777;-53,63583333;381,29;15/11/2006;A824
IGUAPE;SP;Operante;-24,67166666;-47,54583333;2,7;19/07/2006;A712
IGUATU;CE;Operante;-6,39638888;-39,26888888;221,56;29/05/2007;A319
ILHEUS;BA;Operante;-14,65888888;-39,18138888;80,21;24/01/2003;A410
IMPERATRIZ;MA;Pane;-5,55583333;-47,45972222;117,96;29/02/2008;A225
INACIO MARTINS;PR;Operante;-25,567879;-51,077946;1208,85;15/10/2006;A823
INDAIAL;SC;Operante;-26,91361111;-49,26805554;72,24;01/07/2006;A817
IPANGUACU;RN;Pane;-5,53499999;-36,87222221;19;07/11/2017;A372
IPERO;SP;Operante;-23,4261111;-47,58555555;609,33;21/08/2006;A713
IPIAU;BA;Operante;-14,17138888;-39,69249999;132,11;29/06/2009;A445
IPORA;GO;Pane;-16,42305554;-51,14888888;610,41;23/06/2013;A028
IRECE;BA;Operante;-11,32888888;-41,86444444;768,42;30/03/2008;A424
ITABAIANA;SE;Pane;-10,67166666;-37,47138888;213;23/04/2017;A451
ITABAIANINHA;SE;Operante;-11,27249999;-37,79499999;204,8;22/05/2007;A417
ITABERABA;BA;Operante;-12,52416666;-40,29972221;250,11;28/01/2003;A408
ITACOATIARA;AM;Pane;-3,13333333;-58,48277777;41,54;16/04/2008;A121
ITAITUBA;PA;Operante;-4,27694443;-55,99305555;24,46;16/02/2008;A231
ITAJAI;SC;Operante;-26,95083333;-48,76194444;9,76;23/06/2010;A868
ITAMARAJU;BA;Pane;-17,00694444;-39,55805555;110;27/05/2016;A455
ITAOBIM;MG;Operante;-16,57555554;-41,48555555;271,63;04/09/2007;A550
ITAPACI;GO;Operante;-14,97972221;-49,53944444;551;02/02/2007;A015
ITAPETINGA;BA;Operante;-15,24472221;-40,22944443;271,48;24/06/2009;A446
ITAPEVA;SP;Operante;-23,98194443;-48,88583333;743,33;24/07/2006;A714
ITAPIPOCA;CE;Pane;-3,48416666;-39,5886111;104,49;04/09/2008;A359
ITAPIRA;SP;Operante;-22,415;-46,80527777;634,89;04/11/2007;A739
ITAPOA;SC;Operante;-26,08138888;-48,64166666;6,18;05/06/2007;A851
ITAPORANGA;PB;Operante;-7,31833332;-38,14083333;292;02/11/2017;A373
ITAQUIRAI;MS;Operante;-23,44944444;-54,18194443;337,82;27/05/2008;A752
ITAUBAL;AP;Pane;0,56777777;-50,8236111;21;23/08/2017;A251
ITIQUIRA;MT;Operante;-17,17499999;-54,50166666;593,12;13/08/2008;A933
ITIRUCU;BA;Operante;-13,52777777;-40,11972221;757,42;08/02/2003;A407
ITUIUTABA;MG;Operante;-18,95277777;-49,52499999;540,08;11/05/2006;A512
ITUMBIARA;GO;Operante;-18,40972222;-49,19194444;491,17;31/10/2007;A035
ITUPORANGA;SC;Operante;-27,41833332;-49,64694444;479,79;03/03/2008;A863
ITUVERAVA;SP;Operante;-20,35972222;-47,77527777;610,58;16/07/2008;A753
IVAI;PR;Pane;-25,01083333;-50,85388888;803,58;10/07/2006;A818
IVINHEMA;MS;Operante;-22,30055555;-53,82277777;377,36;07/02/2003;A709
JACOBINA;BA;Pane;-11,205;-40,465;440,78;30/04/2008;A440
JAGUARAO;RS;Operante;-32,53472221;-53,37583332;31,48;08/01/2007;A836
JAGUARIBE;CE;Operante;-5,90555555;-38,62777777;149,31;09/09/2008;A358
JAGUARUANA;CE;Operante;-4,83777777;-37,69972221;12;09/11/2007;A339
JALES;SP;Operante;-20,165;-50,59499999;460,44;21/08/2007;A733
JANUARIA;MG;Operante;-15,44805555;-44,36638888;468;22/06/2016;A559
JAPIRA;PR;Operante;-23,77333332;-50,18055554;692,88;28/02/2008;A871
JARDIM;MS;Operante;-21,4786111;-56,13777777;252,47;03/08/2011;A758
JATAI;GO;Operante;-17,9236111;-51,71749999;670,08;22/05/2007;A016
JEREMOABO;BA;Operante;-10,08083332;-38,34583333;261;12/08/2015;A450
JOACABA;SC;Operante;-27,16916666;-51,55888888;767,63;19/09/2007;A841
JOAO PESSOA;PB;Operante;-7,16527777;-34,81555555;33,5;20/07/2007;A320
JOAO PINHEIRO;MG;Operante;-17,78444444;-46,11944443;877,05;06/07/2007;A553
JOAQUIM TAVORA;PR;Pane;-23,50527777;-49,94638888;512,67;22/11/2006;A821
JOSE BONIFACIO;SP;Pane;-21,08555555;-49,92027777;408,35;02/09/2007;A735
JUARA;MT;Pane;-11,28027777;-57,52666666;263,43;01/11/2006;A914
JUINA;MT;Operante;-11,37499999;-58,77472221;365,39;23/11/2006;A920
JUIZ DE FORA;MG;Operante;-21,769965;-43,364329;936,88;25/05/2007;A518
JUTI;MS;Operante;-22,85722222;-54,60555555;375,18;15/06/2008;A749
LABREA;AM;Pane;-7,26055555;-64,7886111;61,91;26/07/2008;A111
LAGES;SC;Operante;-27,80222222;-50,33555555;952,7;05/11/2014;A865
LAGOA DA CONFUSAO;TO;Operante;-10,828286;-49,847882;178;14/11/2016;A055
LAGOA VERMELHA;RS;Operante;-28,222381;-51,512845;833,83;01/03/2007;A844
LARANJEIRAS DO SUL;PR;Operante;-25,37138888;-52,40083333;889;06/08/2016;B804
LENCOIS;BA;Operante;-12,55777777;-41,38888888;438,09;04/04/2008;A425
LINHARES;ES;Operante;-19,35694444;-40,0686111;40;26/10/2006;A614
LINS;SP;Operante;-21,66611111;-49,73472221;460,65;19/09/2006;A727
LUIZ EDUARDO MAGALHAES;BA;Operante;-12,1525;-45,82972221;760,68;17/04/2002;A404
LUZIANIA;GO;Operante;-16,26055555;-47,96694443;1000,82;20/10/2006;A012
Laguna  - Farol de Santa Marta;SC;Operante;-28,60444444;-48,81333333;34,36;31/05/2008;A866
MACAE;RJ;Operante;-22,3761111;-41,81194444;28;21/09/2006;A608
MACAJUBA;BA;Pane;-12,13166666;-40,35416666;360;02/02/2003;A412
MACAPA;AP;Operante;0,03499999;-51,08888888;16,62;11/12/2013;A249
MACAU;RN;Operante;-5,15111111;-36,57305554;17,37;05/01/2007;A317
MACEIO;AL;Operante;-9,55111111;-35,77027777;84,12;24/02/2003;A303
MACHADO;MG;Operante;-21,680722;-45,944389;969;20/07/2017;A567
MAJOR VIEIRA;SC;Operante;-26,3936111;-50,36333333;799,58;08/02/2009;A864
MAL, CANDIDO RONDON;PR;Operante;-24,53333333;-54,01916666;392,07;17/11/2006;A820
MANACAPURU;AM;Pane;-3,29472221;-60,62833332;36,57;09/04/2008;A119
MANAUS;AM;Operante;-3,10333333;-60,01638888;61,25;08/05/2000;A101
MANHUACU;MG;Operante;-20,26333333;-42,18277777;819,47;24/09/2010;A556
MANICORE;AM;Operante;-5,7886111;-61,28833333;40,64;11/12/2011;A133
MANTENA;MG;Operante;-18,78062;-40,986505;254,91;31/07/2007;A540
MARABA;PA;Pane;-5,36638888;-49,05111111;116,58;24/06/2009;A240
MARACAJU;MS;Operante;-21,60916666;-55,17749999;388,94;14/12/2006;A731
MARAU;BA;Pane;-13,90694444;-38,97222221;6,24;21/06/2008;A438
MARECHAL THAUMATURGO;AC;Pane;-8,95;-72,78666666;220,98;26/10/2009;A137
MARIA DA FE;MG;Operante;-22,31444444;-45,37305554;1281,43;30/11/2006;A531
MARIANOPOLIS DO TO;TO;Operante;-9,57638888;-49,72333332;186,69;23/11/2012;A041
MARILANDIA;ES;Pane;-19,40722222;-40,53972221;95;21/03/2017;A632
MARILIA;SP;Operante;-22,235222;-49,965111;660;14/05/2017;A763
MARINGA;PR;Operante;-23,40527777;-51,93277777;548,51;20/11/2006;A835
MATEIROS;TO;Operante;-10,43444444;-45,92194443;791;24/10/2012;A040
MAUES;AM;Pane;-3,39888888;-57,67388888;25,49;21/04/2008;A122
MEDICILANDIA;PA;Pane;-3,51083333;-52,96333333;251,68;16/02/2008;A209
MINA DO PALITO;PA;Pane;-6,31999999;-55,78777777;259,88;27/09/2010;A246
MINEIROS;GO;Operante;-17,45472222;-52,60111111;862;23/11/2007;A026
MIRANDA;MS;Operante;-20,39555555;-56,43166666;132,49;01/11/2006;A722
MOCAMBINHO;MG;Operante;-15,08583333;-44,01611111;454;10/11/2007;A539
MONTALVANIA;MG;Operante;-14,40833333;-44,40416666;519,52;25/06/2007;A526
MONTE ALEGRE;PA;Operante;-2;-54,07638888;100,53;05/07/2012;A239
MONTE ALEGRE DE GOIAS;GO;Operante;-13,25361111;-46,89027777;552;06/06/2007;A032
MONTE VERDE;MG;Operante;-22,86166666;-46,04333333;1544,89;18/12/2004;A509
MONTEIRO;PB;Pane;-7,89444444;-37,12472221;606,39;21/08/2007;A334
MONTES CLAROS;MG;Operante;-16,68638888;-43,84388888;645,87;18/12/2002;A506
MORADA NOVA;CE;Operante;-5,0911111;-38,36472222;93;23/08/2007;A332
MORRETES;PR;Operante;-25,50888888;-48,80861111;50,31;12/03/2008;A873
MORRINHOS;GO;Operante;-17,745066;-49,101698;751,09;24/05/2001;A003
MOSSORO;RN;Operante;-4,90416666;-37,36694443;29,44;21/05/2007;A318
MOSTARDAS;RS;Pane;-31,24833333;-50,90638888;3,82;10/03/2008;A878
MURIAE;MG;Operante;-21,105;-42,37583332;282,79;29/08/2006;A517
NATAL;RN;Pane;-5,83722221;-35,20805555;47,46;23/02/2003;A304
NHUMIRIM;MS;Operante;-18,9886111;-56,62277777;102,26;01/08/2006;A717
NITEROI;RJ;Operante;-22,86749999;-43,10194444;6;12/07/2018;A627
NOSSA SENHORA DA GLORIA;SE;Operante;-10,20777777;-37,43194443;271;23/03/2017;A453
NOVA FATIMA;PR;Pane;-23,41527777;-50,57777777;664,31;07/02/2007;A842
NOVA FRIBURGO - SALINAS;RJ;Operante;-22,33472221;-42,67694443;1070;17/09/2010;A624
NOVA MARINGA;MT;Operante;-13,0386111;-57,09222221;334,36;15/04/2008;A928
NOVA PORTEIRINHA (JANAUBA);MG;Operante;-15,80277777;-43,29694444;532;18/11/2016;A563
NOVA TEBAS;PR;Pane;-24,43388888;-51,95388888;660;20/12/2006;A822
NOVA UBIRATA;MT;Pane;-13,41111111;-54,75222222;466,48;12/04/2008;A929
NOVO ARIPUANA;AM;Operante;-8,0911111;-60,38055554;45;17/07/2019;A144
NOVO HORIZONTE;SC;Operante;-26,40638888;-52,85027777;943,57;19/09/2008;A816
NOVO REPARTIMENTO;PA;Operante;-4,24388888;-49,93944444;100,76;22/07/2008;A235
OBIDOS;PA;Operante;-1,88083332;-55,51972221;89,64;04/07/2012;A232
OEIRAS;PI;Operante;-6,97416666;-42,14694444;154,03;21/07/2008;A354
OIAPOQUE;AP;Operante;3,81361111;-51,8625;15,14;10/09/2008;A242
OLIVEIRA;MG;Operante;-20,715;-44,86444444;1025;18/10/2017;A570
OURICURI;PE;Operante;-7,88583333;-40,10277777;457,85;10/08/2010;A366
OURINHOS;SP;Operante;-23,00055555;-49,84333333;500;28/08/2006;A716
OURO BRANCO;MG;Operante;-20,55666666;-43,75611111;1048,2;27/07/2006;A513
PACAJA;PA;Operante;-3,8436111;-50,63805555;89,02;26/02/2008;A210
PALMARES;PE;Operante;-8,66666666;-35,56805554;164,01;03/09/2008;A357
PALMAS;TO;Operante;-10,14777777;-48,31444444;267;16/12/2004;A009
PALMEIRA DAS MISSOES;RS;Operante;-27,92027777;-53,31805554;614,11;25/02/2008;A856
PALMEIRA DOS INDIOS;AL;Operante;-9,42027777;-36,62027777;278,01;10/07/2007;A327
PAO DE ACUCAR;AL;Operante;-9,74916666;-37,43083332;20,83;13/07/2007;A323
PARACATU;MG;Operante;-17,24444444;-46,88166666;705;15/03/2018;A571
PARAGOMINAS;PA;Operante;-2,90055555;-47,49499999;88;17/10/2007;A212
PARANA;TO;Operante;-12,615;-47,87194443;284,96;03/03/2005;A010
PARANAIBA;MS;Operante;-19,69555555;-51,18166666;408,06;09/11/2006;A710
PARANAPOEMA;PR;Operante;-22,65833333;-52,13444444;308,7;03/03/2008;A850
PARANATINGA;MT;Operante;-14,42138888;-54,0361111;476,91;18/12/2006;A915
PARANOA (COOPA-DF);DF;Operante;-16,012222;-47,557417;1043;06/02/2017;A047
PARATY;RJ;Operante;-23,2236111;-44,72694443;3;18/11/2006;A619
PARAUNA;GO;Operante;-16,9625;-50,42555554;678,74;28/03/2008;A027
PARINTINS;AM;Operante;-2,63916666;-56,75611111;18,72;10/04/2008;A123
PARNAIBA;PI;Operante;-3,08666666;-41,78305554;52,11;05/02/2003;A308
PARQUE ESTADUAL CHANDLESS;AC;Pane;-9,35833333;-69,92638888;184,51;04/08/2008;A102
PASSA QUATRO;MG;Operante;-22,39583333;-44,96194444;1017,1;29/05/2007;A529
PASSO FUNDO;RS;Operante;-28,22666666;-52,40361111;680,67;26/11/2006;A839
PASSOS;MG;Operante;-20,745237;-46,633916;781,7;15/07/2006;A516
PATOS;PB;Operante;-7,07972221;-37,27277777;263,66;20/07/2007;A321
PATOS DE MINAS;MG;Operante;-18,52055554;-46,44055555;950;11/05/2017;A562
PATROCINIO;MG;Operante;-18,996684;-46,985935;978,11;21/08/2006;A523
PAULISTANA;PI;Operante;-8,132288;-41,142945;376;30/08/2007;A330
PEDRO AFONSO;TO;Operante;-8,9686111;-48,17722221;189,71;22/01/2007;A020
PEIXE;TO;Operante;-12,01527777;-48,54444444;250,87;30/11/2006;A018
PETROLINA;PE;Pane;-9,38833333;-40,52333332;372,72;20/02/2003;A307
PIATA;BA;Operante;-13,155681;-41,774125;1283,95;02/05/2008;A430
PICO DO COUTO;RJ;Operante;-22,46472222;-43,29138888;1777;21/10/2006;A610
PICOS;PI;Operante;-7,0711111;-41,40416666;232,91;11/12/2008;A343
PIRACICABA;SP;Operante;-22,70305555;-47,62333332;566,46;25/09/2006;A726
PIRANHAS;AL;Operante;-9,62222221;-37,76722221;187;19/09/2017;A371
PIRAPORA;MG;Operante;-17,258064;-44,835556;505,32;03/07/2007;A545
PIRES DO RIO;GO;Operante;-17,30416666;-48,28416666;757,27;11/10/2007;A033
PIRIPIRI;PI;Operante;-4,2761111;-41,79444444;157,89;30/08/2007;A335
PIUM;TO;Pane;-10,47694443;-49,62944443;161;05/04/2016;A051
PLACAS;PA;Operante;-3,86416666;-54,21638888;100,45;13/02/2008;A211
PLANALTO;PR;Operante;-25,72194443;-53,74805555;399,1;06/11/2007;A855
POCO VERDE;SE;Pane;-10,73805555;-38,10833333;367,01;02/04/2008;A419
POMPEU;MG;Operante;-19,23249999;-44,96416666;705;20/08/2015;A560
PONTA PORA;MS;Operante;-22,5525;-55,71638888;668;06/09/2001;A703
PONTES E LACERDA;MT;Operante;-15,23444444;-59,3461111;272,53;29/01/2008;A937
PORANGATU;GO;Operante;-13,30944444;-49,11749999;365;03/06/2001;A005
PORTO ALEGRE - JARDIM BOTANICO;RS;Operante;-30,05361111;-51,17472221;41,18;21/09/2000;A801
PORTO ALEGRE- BELEM NOVO;RS;Operante;-30,1861111;-51,17805554;3,3;07/12/2022;B807
PORTO DE MOZ;PA;Operante;-1,82194443;-52,11166666;19;06/04/2022;A245
PORTO ESTRELA;MT;Pane;-15,32472221;-57,22583332;147,75;29/05/2008;A935
PORTO GRANDE;AP;Operante;0,69416666;-51,40388888;84,8;16/09/2008;A244
PORTO MURTINHO;MS;Operante;-21,70583333;-57,88666666;78,56;23/10/2006;A723
PORTO SEGURO;BA;Pane;-16,38888888;-39,18249999;86,36;09/07/2008;A427
PORTO VELHO;RO;Operante;-8,7936111;-63,84583333;86,7;10/07/2007;A925
PORTO WALTER;AC;Pane;-8,26722221;-72,74777777;205,35;28/10/2009;A136
POSSE;GO;Operante;-14,08916666;-46,36638888;830;17/04/2007;A017
PRADOPOLIS;SP;Operante;-21,33833333;-48,11388888;544;21/04/2008;A747
PREGUICAS;MA;Operante;-2,59222221;-42,7075;4,62;21/11/2008;A218
PRESIDENTE FIGUEIREDO;AM;Pane;-2,05666666;-60,02583332;60,99;18/04/2008;A126
PRESIDENTE KENNEDY;ES;Pane;-21,10083333;-41,03944444;69,12;17/06/2008;A622
PRESIDENTE PRUDENTE;SP;Operante;-22,11999999;-51,40861111;431,92;03/02/2003;A707
PRIMAVERA DO LESTE;MT;Operante;-15,57999999;-54,3811111;680;25/10/2017;A923
Paty do Alferes - Avelar;RJ;Operante;-22,34722221;-43,41777777;508;09/11/2022;A637
QUARAI;RS;Operante;-30,368578;-56,437115;113,05;16/10/2007;A831
QUEIMADAS;BA;Pane;-10,98472221;-39,61694443;310,11;22/05/2008;A436
QUERENCIA;MT;Operante;-12,60305555;-52,1625;355;17/07/2007;A916
QUIXADA;CE;Operante;-4,97888888;-39,05722222;193;19/03/2018;A369
QUIXERAMOBIM;CE;Pane;-5,17444443;-39,28944444;221,04;08/07/2007;A325
RANCHARIA;SP;Operante;-22,37277777;-50,97472221;398,75;31/08/2006;A718
RANCHO QUEIMADO;SC;Operante;-27,6786111;-49,04194444;881;30/05/2016;A870
REDENCAO;PA;Operante;-8,04333333;-50,00694444;199;10/07/2019;A254
REGISTRO;SP;Operante;-24,53305554;-47,86416666;35;08/02/2017;A766
REMANSO;BA;Operante;-9,62555554;-42,07722221;397,4;25/03/2008;A423
RESENDE;RJ;Operante;-22,45138888;-44,44499999;438,83;28/09/2006;A609
RIBEIRA DO AMPARO;BA;Operante;-11,05861111;-38,44416666;182;19/09/2018;A458
RIO BRANCO;AC;Operante;-9,95920402;-67,86898266;163;10/07/2008;A104
RIO BRILHANTE;MS;Operante;-21,77499999;-54,52805554;324,31;25/06/2008;A743
RIO CLARO;RJ;Operante;-22,653579;-44,040916;516;02/06/2016;A626
RIO DE JANEIRO - FORTE DE COPACABANA;RJ;Pane;-22,98833333;-43,19055555;25,59;17/05/2007;A652
RIO DE JANEIRO - JACAREPAGUA;RJ;Operante;-22,93999999;-43,40277777;20;09/08/2017;A636
RIO DE JANEIRO - VILA MILITAR;RJ;Operante;-22,86138888;-43,41138888;30,43;12/04/2007;A621
RIO DE JANEIRO-MARAMBAIA;RJ;Operante;-23,05027777;-43,59555555;12;07/11/2002;A602
RIO DO CAMPO;SC;Operante;-26,93749999;-50,14555555;591,67;09/03/2008;A861
RIO GRANDE;RS;Operante;-32,07888888;-52,16777777;4,92;15/11/2001;A802
RIO NEGRINHO;SC;Operante;-26,2486111;-49,57416666;856;21/03/2008;A862
RIO PARDO;RS;Operante;-29,87222221;-52,38194443;106,99;29/09/2006;A813
RIO PARDO DE MINAS;MG;Operante;-15,72305554;-42,43583333;850,06;16/11/2007;A551
RIO SONO;TO;Operante;-9,793363;-47,132732;291;02/08/2016;A050
RIO URUBU;AM;Operante;-2,6336111;-59,60055555;112,84;25/06/2008;A125
RIO VERDE;GO;Pane;-17,78527777;-50,965;780,11;16/05/2007;A025
RONDON DO PARA;PA;Operante;-4,82749999;-48,1736111;203;16/04/2008;A214
RONDONOPOLIS;MT;Operante;-16,4625;-54,58027777;289,88;16/11/2003;A907
ROSARIO OESTE;MT;Operante;-14,82888888;-56,44194444;195;29/05/2019;A944
S, G. DA CACHOEIRA;AM;Operante;-0,125207;-67,061246;79,67;30/08/2011;A134
S,J. DO RIO CLARO;MT;Operante;-13,45388888;-56,67722221;339,59;24/02/2003;A903
SACRAMENTO;MG;Operante;-19,87527777;-47,43416666;913,12;18/08/2006;A525
SALGUEIRO;PE;Operante;-8,05805555;-39,0961111;447;14/09/2017;A370
SALINAS;MG;Operante;-16,16027777;-42,31027777;487,14;13/09/2007;A552
SALINOPOLIS;PA;Operante;-0,61888888;-47,35666666;23,18;13/06/2008;A215
SALTO DO CEU;MT;Operante;-15,12472221;-58,12722221;300,83;23/01/2008;A936
SALVADOR;BA;Operante;-13,005515;-38,50576;47,56;12/05/2000;A401
SALVADOR (RADIO FAROL);BA;Operante;-12,80833333;-38,49583333;31;09/03/2018;A456
SANTA CRUZ;RN;Pane;-6,22805554;-36,02666666;227,49;16/08/2010;A367
SANTA FE DO ARAGUAIA;TO;Operante;-7,124191;-48,781267;171;29/07/2016;A048
SANTA MARIA;RS;Operante;-29,72499999;-53,72055554;103,1;25/11/2001;A803
SANTA MARIA DAS BARREIRAS;PA;Operante;-8,72972221;-49,85638888;165;17/12/2020;A256
SANTA MARIA MADALENA;RJ;Operante;-21,95055555;-42,01027777;586;15/10/2018;A630
SANTA RITA DE CASSIA;BA;Pane;-11,00333333;-44,53638888;450;27/05/2007;A415
SANTA ROSA;RS;Operante;-27,89055555;-54,47999999;272,84;14/11/2006;A810
SANTA ROSA DO TOCANTINS;TO;Operante;-11,42888888;-48,18499999;306;13/08/2015;A052
SANTA TERESA;ES;Pane;-19,98833333;-40,57944443;975,92;08/08/2007;A613
SANTANA DO ARAGUAIA;PA;Operante;-9,34055555;-50,35027777;154;29/05/2008;A233
SANTANA DO LIVRAMENTO;RS;Operante;-30,75055555;-55,40138888;196;21/11/2001;A804
SANTAREM;PA;Operante;-2,5025;-54,72027777;137;01/09/2015;A250
SANTIAGO;RS;Operante;-29,191599;-54,885653;390,03;03/02/2009;A833
SANTO ANTONIO DO LESTE;MT;Operante;-14,92499999;-53,88444444;662;29/05/2008;A931
SANTO AUGUSTO;RS;Operante;-27,85444444;-53,7911111;489,67;04/12/2001;A805
SAO BORJA;RS;Operante;-28,65;-56,01638888;81,08;20/07/2007;A830
SAO CARLOS;SP;Operante;-21,980353;-47,883927;859,29;03/09/2006;A711
SAO FELIX  DO ARAGUAIA;MT;Pane;-11,61888888;-50,72777777;201,37;18/10/2007;A921
SAO FELIX DO XINGU;PA;Pane;-6,63972221;-51,95694444;211;14/11/2016;A216
SAO GABRIEL;RS;Operante;-30,34138888;-54,31083333;114,89;10/07/2007;A832
SAO GABRIEL DO OESTE;MS;Operante;-19,42027777;-54,55305555;646;17/12/2006;A732
SAO GONCALO;PB;Operante;-6,835777;-38,311583;237,04;05/11/2007;A333
SAO JOAO DEL REI;MG;Operante;-21,10638888;-44,25083333;929,88;08/06/2006;A514
SAO JOAO DO PIAUI;PI;Operante;-8,36444444;-42,2525;231;25/08/2007;A331
SAO JOAQUIM;SC;Operante;-28,27555554;-49,93472221;1400,06;11/04/2008;A815
SAO JOSE DO XINGU;MT;Pane;-10,48416666;-52,37249999;300;18/02/2019;A942
SAO JOSE DOS AUSENTES;RS;Operante;-28,7486111;-50,05777777;1228,59;25/10/2006;A829
SAO LUIS;MA;Operante;-2,52666666;-44,21361111;54,8;28/01/2003;A203
SAO LUIS DO QUITUNDE;AL;Operante;-9,28749999;-35,56583333;13,69;07/09/2008;A356
SAO LUIZ DO PARAITINGA;SP;Operante;-23,22833332;-45,41694443;874;31/10/2007;A740
SAO LUIZ GONZAGA;RS;Operante;-28,41722221;-54,9625;245,5;24/07/2007;A852
SAO MATEUS;ES;Operante;-18,6761111;-39,86416666;28,66;24/10/2006;A616
SAO MATEUS DO SUL;PR;Operante;-25,83555555;-50,36888888;780,21;16/04/2011;A874
SAO MIGUEL ARCANJO;SP;Pane;-23,89083333;-47,99916666;710;14/08/2006;A715
SAO MIGUEL DO ARAGUAIA;GO;Operante;-12,82055554;-50,33583333;210;28/06/2017;A031
SAO MIGUEL DO OESTE;SC;Operante;-26,78638888;-53,51416666;647;11/03/2008;A857
SAO PAULO - INTERLAGOS;SP;Operante;-23,724501;-46,677501;771;13/03/2018;A771
SAO PAULO - MIRANTE;SP;Operante;-23,49638888;-46,61999999;785,64;24/07/2006;A701
SAO RAIMUNDO NONATO;PI;Pane;-9,03305554;-42,70111111;385;26/02/2008;A345
SAO ROMAO;MG;Operante;-16,36277777;-45,12388888;490,29;29/06/2007;A547
SAO SEBASTIAO DO PARAISO;MG;Operante;-20,91;-47,11416666;845;16/08/2015;A561
SAO SIMAO;SP;Operante;-21,46111111;-47,57944443;620;02/07/2019;A770
SAO SIMAO;GO;Pane;-18,96916666;-50,63333333;492,45;14/07/2006;A011
SAO VICENTE DO SUL;RS;Operante;-29,70222222;-54,69444444;134;05/04/2016;A889
SAPEZAL;MT;Operante;-13,30388888;-58,76333333;105;19/10/2017;A911
SAQUAREMA - SAMPAIO CORREIA;RJ;Pane;-22,8711111;-42,60888888;26;01/09/2015;A667
SENHOR DO BONFIM;BA;Pane;-10,44305555;-40,14833333;532,09;26/03/2008;A428
SERAFINA CORREA;RS;Operante;-28,70472222;-51,87083332;485,29;31/03/2016;A894
SEROPEDICA-ECOLOGIA AGRICOLA;RJ;Operante;-22,75777777;-43,68472221;35;23/05/2000;A601
SERRA DOS AIMORES;MG;Operante;-17,79888888;-40,25;211,97;20/08/2006;A522
SERRA DOS CARAJAS;PA;Pane;-6,07749999;-50,14222221;707;02/09/2008;A230
SERRA NOVA DOURADA;MT;Pane;-11,98777777;-51,4261111;441;28/03/2019;A943
SERRA TALHADA;PE;Operante;-7,95416666;-38,29499999;499,02;08/07/2008;A350
SERRINHA;BA;Pane;-11,66472222;-39,02305554;337,79;08/05/2008;A441
SETE LAGOAS;MG;Operante;-19,45527777;-44,17333332;719;09/06/2016;A569
SETE QUEDAS;MS;Operante;-23,96694443;-55,02416666;398,4;02/06/2008;A751
SIDROLANDIA;MS;Operante;-20,98166666;-54,97194443;471,43;28/09/2008;A754
SILVA JARDIM;RJ;Operante;-22,64583333;-42,41555555;19;27/08/2015;A659
SILVANIA;GO;Operante;-16,67972221;-48,61805554;952;07/10/2010;A037
SINOP;MT;Operante;-11,98222221;-55,56611111;366,57;28/10/2006;A917
SOBRAL;CE;Pane;-3,74805555;-40,34583333;92,07;11/02/2003;A306
SOLEDADE;RS;Operante;-28,859211;-52,542387;660,44;29/02/2008;A837
SONORA;MS;Operante;-17,63527777;-54,76055555;495,25;29/11/2012;A761
SORRISO;MT;Operante;-12,555;-55,72277777;379,31;15/12/2002;A904
SOURE;PA;Operante;-0,72777777;-48,51583333;12,54;26/04/2008;A227
SURUBIM;PE;Pane;-7,83972221;-35,80111111;421,44;08/03/2008;A328
Santa Vitoria do Palmar - Barra do Chui;RS;Operante;-33,74222221;-53,37222221;7,41;07/03/2008;A899
TANGARA DA SERRA;MT;Operante;-14,65;-57,43166666;440,01;10/12/2002;A902
TAUA;CE;Pane;-6,01749999;-40,28138888;410,87;11/07/2007;A324
TAUBATE;SP;Operante;-23,04166666;-45,52083332;582,26;19/12/2006;A728
TEOFILO OTONI;MG;Operante;-17,89284;-41,515423;467,17;24/08/2006;A527
TERESINA;PI;Operante;-5,03472221;-42,80138888;75,23;23/11/2004;A312
TERESOPOLIS-PARQUE NACIONAL;RJ;Operante;-22,4486111;-42,98694444;981;31/10/2006;A618
TEUTONIA;RS;Pane;-29,44916666;-51,82333332;81;03/10/2012;A882
TIANGUA;CE;Pane;-3,73222221;-41,01194444;756;14/03/2018;A368
TIMOTEO;MG;Pane;-19,57388888;-42,62249999;493,42;21/02/2006;A511
TOME ACU;PA;Operante;-2,59249999;-48,36055555;42,95;13/10/2007;A213
TORRES;RS;Operante;-29,35027777;-49,73333333;8,44;31/05/2006;A808
TRAMANDAI;RS;Operante;-30,01027777;-50,13583333;4,56;08/03/2008;A834
TRES LAGOAS;MS;Operante;-20,79499999;-51,71333333;328,94;02/09/2001;A704
TRES MARIAS;MG;Operante;-18,200855;-45,459836;931,01;24/08/2006;A528
TRES RIOS;RJ;Operante;-22,09833333;-43,20833333;295;07/06/2016;A625
TUCUMA;PA;Pane;-6,74333333;-51,14194444;320,93;17/07/2008;A234
TUCURUI;PA;Operante;-3,82277777;-49,67499999;137,94;29/02/2008;A229
TUPA;SP;Operante;-21,927251;-50,490251;498;11/05/2017;A768
TUPANCIRETA;RS;Operante;-29,08944444;-53,82666666;462;10/08/2016;A886
TURIACU;MA;Operante;-1,66111111;-45,37249999;35,86;09/06/2008;A219
UBERABA;MG;Operante;-19,71;-47,96194444;778;18/05/2017;A568
UBERLANDIA;MG;Operante;-18,91694443;-48,25555555;874,77;17/12/2002;A507
UNA;BA;Operante;-15,28027777;-39,09138888;74,08;24/06/2008;A437
UNAI;MG;Operante;-16,55416666;-46,88194443;640,85;15/06/2007;A542
URUCARA;AM;Operante;-2,53472221;-57,75805555;18,49;16/04/2008;A124
URUCUI;PI;Operante;-7,44138888;-44,34499999;398,83;05/03/2008;A346
URUGUAIANA;RS;Operante;-29,83999999;-57,08194443;74,29;27/09/2006;A809
URUSSANGA;SC;Operante;-28,53249999;-49,31527777;40,56;28/05/2008;A814
VACARIA;RS;Operante;-28,51361111;-50,88277777;969,89;25/04/2008;A880
VALENCA;BA;Pane;-13,3436111;-39,12666666;93,12;28/06/2009;A444
VALENCA;RJ;Operante;-22,35805555;-43,69555555;370;26/09/2006;A611
VALENCA DO PIAUI;PI;Operante;-6,4236111;-41,74888888;372;17/04/2009;A363
VALPARAISO;SP;Operante;-21,31916666;-50,93027777;381,9;29/08/2007;A734
VARGINHA;MG;Operante;-21,56638888;-45,40416666;949,78;12/07/2006;A515
VENDA NOVA DO IMIGRANTE;ES;Operante;-20,38555555;-41,18999999;722;09/02/2017;A633
VENTANIA;PR;Pane;-24,28027777;-50,21027777;1093,41;14/04/2011;A872
VICOSA;MG;Operante;-20,762607;-42,864013;697,64;14/09/2005;A510
VILA BELA DA SANTISSIMA TRINDADE;MT;Operante;-15,06277777;-59,87305554;213;30/11/2006;A922
VILA VELHA;ES;Operante;-20,46694443;-40,40388888;25;14/02/2017;A634
VILHENA;RO;Operante;-12,73499999;-60,15777777;583,3;25/08/2008;A938
VITORIA;ES;Pane;-20,27083332;-40,30583333;9;30/10/2006;A612
VITORIA DA CONQUISTA;BA;Operante;-14,88638888;-40,80138888;879,38;31/05/2007;A414
XANXERE;SC;Operante;-26,938666;-52,39809;878,74;14/03/2008;A858
XINGUARA;PA;Operante;-7,11055555;-49,9261111;245;10/09/2016;A247
ZE DOCA;MA;Operante;-3,26916666;-45,65111111;45,5;17/09/2019;A255
